,A,B,T,bi,dotmode,subj
0,0.7485485538807777,0.5,126.8024880352582,0,3d,ALL
0,0.8586783522444569,0.5,75.46524403361357,0,2d,ALL
