,A,B,T,dotmode,subj
0,0.8839801022756502,0.5,127.44750470048696,2d,KRM
0,0.7246909179129645,0.5,183.70500945388397,3d,KRM
