,A,B,T,dotmode,subj
0,0.8644414456267233,0.5,130.00708721295442,2d,ALL
0,0.7571903559842438,0.5,194.26860547973286,3d,ALL
